-------------------------------------------------------------
Key positions:
 Director of Outdoor Programs: Coz Teplitz
 DOC President 2021-22:
  Spring 2021: Abigail Wiseman '22 - Abigail.L.Wiseman.22@dartmouth.edu
  Summer 2021: Abigail Johnson '23 - Abigail.L.Johnson.23@dartmouth.edu
  Fall 2021: Saige Gitlin '22 - Saige.A.Gitlin.22@dartmouth.edu
  Winter 2022: Emery Rheam '22 - Emery.L.Rheam.22@dartmouth.edu

 C&T Chairs 2021-22:
  Spring 2021: Maya Khanna '22 and Max Teszler '23
  Summer 2021: Max Teszler '23 and Katie Gregoire '23
  Fall 2021: Maya Khanna '22 and Andrew Sasser '23
  Winter 2022: Maya Khanna '22 and Dylan Davis '22
    Maya.L.Khanna.22@dartmouth.edu
    Maxwell.J.Teszler.23@dartmouth.edu
    Katharine.E.Gregoire.23@dartmouth.edu
    Andrew.J.Sasser.23@dartmouth.edu
    Dylan.P.Davis.22@dartmouth.edu

Spouses reachable through people on the list
 Mary Markland Gannon '86 via John Gannon '87
 Sarah Jankey Medlin '85 via Walter Medlin '86
 Judy Montagne via Matt Montagne '73 

Name changes
 Eleanor Alexander '04	became Eleanor Alexander Kemp
 Jen Botzow '86		became Jen Botzojorns
 Ellen Brout '81	became Ellen Brout Lindsey
 Catherine Burke '85    became Catherine North
 Carrie Burns '08	became Carrie Stroup
 Erica Close '02        became Erica Lilles
 Steph Crocker '12      became Steph Crocker Ross
 Liz French '99		became Liz Storn
 Jen Gee '90            became Jennifer Conway
 Kathy Gelhar '87	became Kathy Gelhar Lowney
 Martha Green '87	became Martha Green Nielsen
 Sarah Jankey '85	became Sarah Jankey Medlin
 Carrie Kull '91	became Carrie Bjerke
 Robin Lambert '76	became Robin Lambert Graham
 Jenny Land '96		became Jenny Land Mackenzie
 Ann Page '76		became Ann Waugh Page
 Maria Alejandra Perez Lawrence '10     became Maria Alejandra Perez Farmer
 Joanna Lisker '02      became Joanna Lisker Meyer
 Caroline Lyon '84      became Caroline Lyon Tippin
 Mary Markland '86	became Mary Markland Gannon
 Kathy Murphy '91	became Kathy Rittle
 Kathy Roy '85		became Kathy Roy Hooke
 Lynne Schiffman '92    became Lynne Delise 
 Ann Schrot '92		became Ann Gregoire
 Katie Stearns '82	became Katie Stearns Friday
 Carolyn R. Treacy '06  became Carolyn Treacy Bramante 
 Katya Vladimirsky '95  became Katya Vladimirsky Czaja
 Cay Wieboldt '78	became Cay Wieboldt Kendrick
 Helen Wilber '05	became Helen Margaret Sullivan
 Wendy Zug '89		became Wendy Zug Brown
