CHUBBERNET as of 04/01/23
  Name                         Email    
----------------------------------------
Solange Acosta '24             Solange.G.Acosta.24@DARTMOUTH.EDU
Solange Acosta-Rodriguez '24   solange.g.acosta.rodriguez.24@DARTMOUTH.EDU
Anna Adachi '92                Anna.M.Adachi.92@ALUM.DARTMOUTH.ORG
Athena Aicher '11              athenaaicher@GMAIL.COM
Shaun Akhtar '12               shaun.y.akhtar@DARTMOUTH.EDU
Elliot Alberts '25             elliot.l.alberts.25@DARTMOUTH.EDU
Victoria Allen '06             Yitood@GMAIL.COM
Charley Allen '71              eightofcups1437@GMAIL.COM
Kassie Amann '16               kassaundraamann@GMAIL.COM
Katherine Amato '07            kramato@GMAIL.COM
Elaine Anderson '83            ekalien@COMCAST.NET
Kilt Andrew '55                kiltandrew@GMAIL.COM
Scott Andrews '07              scottdandrews@GMAIL.COM
Kellen Appleton '20            kellenappleton@GMAIL.COM
Valerie Armento '73            v_armento@YAHOO.COM
Lauren Arnold '87              Lauren.A.Arnold.87@ALUM.DARTMOUTH.ORG
Vera Ashcroft '23              veronica.e.r.ashcroft@GMAIL.COM
Chris Aslin '97                Christopher.Aslin.97@ALUM.DARTMOUTH.ORG
Tito Autrey '85                Tito.L.Autrey.85@ALUM.DARTMOUTH.ORG
Bob Averill '72                rwaverill@GMAIL.COM
Michael Baicker '17            Michael.Baicker@GMAIL.COM
Troy Baisden '93               baisden@ALUM.DARTMOUTH.ORG
Teri Balser '92                tcbalser@UFL.EDU
Evan Barrett '24               evan.p.barrett.24@DARTMOUTH.EDU
Joanie Barthold '79            joanbartholdobgyn@GMAIL.COM
Timothy Bartholomaus '02       tbartholomaus@GMAIL.COM
Matt Bell '05                  matt.p.bell@GMAIL.COM
Rick Bellows '81               richard.s.bellows.81@ALUM.DARTMOUTH.ORG
Eric Benson '04                Eric.R.Benson.04@ALUM.DARTMOUTH.ORG
Jalen Benson '17               Jalen_Benson@HMS.HARVARD.EDU
Jay Benson '90                 jay.benson.90@ALUM.DARTMOUTH.ORG
Ben Berk '00                   Benjamin.B.Berk.00@ALUM.DARTMOUTH.ORG
Zachary Berkow '20             zberkow@GMAIL.COM
Joby Bernstein '17             jobybernstein@GMAIL.COM
Fred Bickford '72              vox9@AOL.COM
William Bishop '12             William.D.Bishop.12@DARTMOUTH.EDU
Carrie Bjerke '91              carrie@BJERKE.NET
Paul Blackburn '88             paul@SPEEDFISH.COM
Max Bogren '10                 max.bogren@GMAIL.COM
Peter Bohler '03               Peter.C.Bohler.03@ALUM.DARTMOUTH.ORG
Devon Bonady '00               devon@FERNHILLSANCTUARY.COM
Tom Bonamici '07               Thomas.h.Bonamici.07@ALUM.DARTMOUTH.ORG
Glenn Booma '95                glenn.booma@GMAIL.COM
Jen Botzojorns '86             jenbotzojorns@GMAIL.COM
Phillip Bracikowski '08        pbracikowski@GMAIL.COM
Alice Bradley '11              bradley.alice@GMAIL.COM
John Brady '19                 John.T.Brady.19@DARTMOUTH.EDU
Anthony Bramante '06           Anthony.M.Bramante.06@ALUM.DARTMOUTH.ORG
Carolyn Bramante '06           CarolynTBramante@GMAIL.COM
Jimmy Bramante '09             jimmy.bramante@GMAIL.COM
Andy Bramante '81              Andy.Bramante@GMAIL.COM
Larry Breckenridge '95         larry.breckenridge@GMAIL.COM
Kyle Bretherton '20            Kyle.C.Bretherton.20@DARTMOUTH.EDU
Peter Brewitt '03              peter.brewitt@GMAIL.COM
Ben Brody '22                  benjamin.s.brody.22@DARTMOUTH.EDU
Ellen Brout '81                ellenlindsey@GMAIL.COM
Lex-and-Pete Bundschuh '78     unofam@AOL.COM
Tom Burack '82                 Thomas.Burack.82@ALUM.DARTMOUTH.ORG
Eli Burakian '00               eliburakian@GMAIL.COM
Tim Burdick '89                teburdick@GMAIL.COM
Adam Burnett '18               adamburnett33@GMAIL.COM
Henry Burns '19                Henry.S.Burns.19@DARTMOUTH.EDU
Jennifer Butcher '02           Jennifer.L.Butcher@ALUM.DARTMOUTH.ORG
Mallory Byrd '19               mallorybyrd@GMAIL.COM
Patrick Campbell '15           patrickrcampbell15@GMAIL.COM
Brett Carr '07                 Brett.Carr.07@ALUM.DARTMOUTH.ORG
Wales Carter '13               wales.carter@OUTLOOK.COM
Tom Carter ’77                 tomcarter@FAST-EMAIL.COM
Chris Cartwright '21           Christopher.Cartwright.21@DARTMOUTH.EDU
Theo Castellani '23            theodore.j.castellani.23@DARTMOUTH.EDU
Helena Caswell '17             Helena.R.Caswell.17@DARTMOUTH.EDU
Jacob Chalif '21               jacob.i.chalif.21@DARTMOUTH.EDU
Kristen Chalmers '17           Kristen.D.Chalmers.17@DARTMOUTH.EDU
Emily Charland '19             emily.a.charland.19@DARTMOUTH.EDU
Dan Chiniara '14               daniel.chiniara.th@DARTMOUTH.EDU
Rob Christie '74               robplatou1@AOL.COM
Spencer Chu '16                spencer.b.chu.16@GMAIL.COM
Coach-Geoff Clear ’72          geoff.clear@YAHOO.COM
Gary Clohan '77                gclohan@GMAIL.COM
Joe Cloyd '02                  Joseph.R.Cloyd.02@ALUM.DARTMOUTH.ORG
Max Cobb '87                   maxkcobb@MAC.COM
Alec Cobban '19                alecobban@GMAIL.COM
David Cohn '85 (Pablo)         david.cohn@SOMERANDOM.COM
Katie Colleran                 katie.colleran@GMAIL.COM
Rob Collier '13                Rob.J.Collier.13@ALUM.DARTMOUTH.ORG
Pam Collins '07                pamela.marie.collins@GMAIL.COM
Jim Collins '84                James.C.Collins.84@ALUM.DARTMOUTH.ORG
Grace Connolly '25             grace.g.connolly.25@DARTMOUTH.EDU
Charlie Conte '78              cconte27@GMAIL.COM
Lisa Conte '81                 lconte@NAPOPHARMA.COM
Jennifer Conway '90            mrsconway@GMAIL.COM
Ethan Cook '20                 ethancook133@GMAIL.COM
Doug Coonrad ’67               douglascoonrad167@GMAIL.COM
Ivan Cornish '19               ivan96cornish@GMAIL.COM
Maximo Cosculluela '17         Maximo.A.Cosculluela.17@DARTMOUTH.EDU
John Cotton '56                jtcotton80@GMAIL.COM
Wendy Cover '98                wendycover@GMAIL.COM
Ali Crocker '06                Alison.F.Crocker.06@ALUM.DARTMOUTH.ORG
Andrew Crutchfield '18         Andrew.W.Crutchfield.18@DARTMOUTH.EDU
Andrew Crutchfield '18         Andrew.W.Crutchfield@GMAIL.COM
Alicia Cruz-Uribe '06          Alicia.M.Cruz-Uribe.06@ALUM.DARTMOUTH.ORG
Donny Cutter '73               Donald.D.Cutter.Jr.73@DARTMOUTH.EDU
Katya Czaja '95                katya.czaja@GMAIL.COM
Sophie d'Orchimont '18         sophie.dorch@GMAIL.COM
Joel Dahl '05                  joeltdahl1983@GMAIL.COM
Matt Dahlhausen '11            matthew.dahlhausen@GMAIL.COM
Karen Daniels '94              kedaniels@GMAIL.COM
Ned Darling '19                edward.o.darling@GMAIL.COM
Thomas Das '13                 thomas.m.das@GMAIL.COM
Sharon Dauson '09              Sharon.Dauson@GMAIL.COM
Erin Dauson '11                Erin.Dauson@GMAIL.COM
Gail Davidson M’72             akmtngrl@GMAIL.COM
Dylan Davis '22                Dylan.P.Davis.22@DARTMOUTH.EDU
Libby Decker '20               Elizabeth.C.Decker.20@DARTMOUTH.EDU
John Decker '91                jrd@IGC.ORG
Max Deibel '14                 diebel.max@GMAIL.COM
Lynne Delise '92               profedelise@YAHOO.COM
Winnie DelliQuadri '89         winniedq@YAHOO.COM
Alex DeSherbinin '84           adesherbinin@GMAIL.COM
Eli Diament '02                ebd@ALUM.DARTMOUTH.ORG
Jim DiCarlo '91                jdicarlo@EXETER.EDU
Apoorva Dixit '17              Apoorva.Dixit.17@DARTMOUTH.EDU
Lydia Dixon '01                Lydia.A.Dixon.01@ALUM.DARTMOUTH.ORG
Emma Doherty '21               e.b.doherty@ICLOUD.COM
Hunter Dominick '20            hunterdom1997@GMAIL.COM
Kevin Donohue '21              Kevin.J.Donohue.21@DARTMOUTH.EDU
Lauren Dorsey '22              rendorsey25@GMAIL.COM
Michelle Dundek '18            Michelle.L.Dundek.18@DARTMOUTH.EDU
Susan Dunklee '08              sdunklee@GMAIL.COM
Nic Duquette '04               nic.duquette@GMAIL.COM
Anna Ellis '19                 Anna.W.Ellis.19@DARTMOUTH.EDU
Caroline Engel '05             Caroline.W.Engel.05@ALUM.DARTMOUTH.ORG
Marianne Epstein '08           Marianne.R.Epstein@GMAIL.COM
Fredrik Eriksson '16           F.A.A.Eriksson@GMAIL.COM
Emily Eros '09                 emily.j.eros.09@ALUM.DARTMOUTH.ORG
Dru Falco '18                  Drusilla.R.Falco.18@DARTMOUTH.EDU
Chris Farmer '08               chris.a.farmer@GMAIL.COM
Maria Farmer '10               alejandra.perez.lawrence@GMAIL.COM
Cedar Farwell '17              J.Cedar.M.Farwell.17@DARTMOUTH.EDU
Edie Farwell '83               edie.farwell@GMAIL.COM
Jake Feintzeig '09             jacob.feintzeig@GMAIL.COM
Shara Feld '07                 Shara.Feld.07@ALUM.DARTMOUTH.ORG
Susan Fernyak '84              sfernyak@GMAIL.COM
Carey Fiertz '79               cfiertz@EXPORTRISK.COM
Graham Findlay '14             graham.b.findlay@GMAIL.COM
Leslie Fink '16                Leslie.Fink.16@DARTMOUTH.EDU
Shea Flanagan '14              sflan17@GMAIL.COM
Scarlette Flores '24           scarlette.g.flores.24@DARTMOUTH.EDU
Dave Focardi '81               Datawrangler81@GMAIL.COM
Peter Forbes '83               peter@PETERFORBES.ORG
Jesse Fourt '98                Jesse.Fourt.98@ALUM.DARTMOUTH.ORG
Jen Freise ‘12                 jenfreise@GMAIL.COM
John French '17                John.B.French.Jr.17@DARTMOUTH.EDU
William French '21             William.N.French.21@DARTMOUTH.EDU
Nathanael Friday '15           nathanael.friday@GMAIL.COM
J.B. Friday '82                jbfriday@ALUM.DARTMOUTH.ORG
Katie Friday '82               Kathleen.S.Friday.82@ALUM.DARTMOUTH.ORG
Austyn Fudge '98               Austyn.R.Fudge.98@ALUM.DARTMOUTH.ORG
Chloe Fugle '23                chloe.m.fugle.23@DARTMOUTH.EDU
Annie Furman '19               Anne.L.Furman.19@DARTMOUTH.EDU
Liza Gallandt '22              liza.m.gallandt.22@DARTMOUTH.EDU
John Gannon '87                gannon.johnc@GMAIL.COM
Nick Garcia '07                nicolas.o.garcia@GMAIL.COM
Jeff Garneau '85               jdgarneau@GMAIL.COM
Daniel Gavin '92               dgavin@UOREGON.EDU
Rory Gawler                    Rory.C.Gawler@DARTMOUTH.EDU
Rory Gawler '05                bigroryg@GMAIL.COM
Geordi Geier '21               George.R.Geier.21@DARTMOUTH.EDU
Bradley Geismar '17            Bradley.Geismar@GMAIL.COM
Shoshana Geller '20            Shoshana.M.Geller.20@DARTMOUTH.EDU
Callan George '16              callan.r.m.george.16@DARTMOUTH.EDU
Julietta Gervase '16           julietta.j.gervase.16@DARTMOUTH.EDU
Mike Gfroerer '67              mgfroerer@USA.NET
Coby Gibson '21                cobyvgibson@GMAIL.COM
Peter Gibson '86               pgibson@PRINCETONOL.COM
Kenneth Gillingham '02         Kenneth.Gillingham@ALUM.DARTMOUTH.ORG
Roger Gilmore '54              rog95bet@GMAIL.COM
Mark Giordono '94              mark.giordono.94@ALUM.DARTMOUTH.ORG
Saige Gitlin '22               saige.a.gitlin.22@DARTMOUTH.EDU
Eagle Glassheim '92            eagle.g@UBC.CA
Brian Goeselt '82              bgoeselt@GMAIL.COM
Ethan Goldman '22              ethan.p.goldman.22@DARTMOUTH.EDU
Zachary Goldstein '02          Zachary.E.Goldstein.02@ALUM.DARTMOUTH.ORG
Rachel Goldwasser '01          rachel.aslin.goldwasser.01@ALUM.DARTMOUTH.ORG
Katya Golubovsky '22           Catherine.Golubovsky.22@DARTMOUTH.EDU
Christy Goodale '92            clg33@CORNELL.EDU
Colin Goodbred '21             colin.m.goodbred.21@DARTMOUTH.EDU
Brenna Gourgeot '18            Brenna.J.Gourgeot.18@DARTMOUTH.EDU
Charlie Governali '12          charliegovernali@GMAIL.COM
Francesca Governali '18        francesca.gov5@GMAIL.COM
Ada Graham '08                 aelgrah@GMAIL.COM
Molly Grear '11                Molly.Grear@DARTMOUTH.EDU
Travis Green '08               Travis.H.Green@GMAIL.COM
Kelby Greene '25               lawson.t.greene.25@DARTMOUTH.EDU
Katie Gregoire '23             Katharine.E.Gregoire.23@DARTMOUTH.EDU
Ann Gregoire '92               ann.gregoire@GMAIL.COM
Sophia Greszczuk '22           sophia.b.greszczuk.22@DARTMOUTH.EDU
Jessica Griffen '10            jessie.griffen@GMAIL.COM
Clark Griffiths '57            clarkgrif@COMCAST.NET
David Grubman '84              dgrubman@YAHOO.COM
Amy Haak '80                   amy@SPATIALDYNAMICS.COM
Sarah Hackney '06              sehackney@GMAIL.COM
Paul Hager '22                 paul.w.hager.22@DARTMOUTH.EDU
Katie Hake '16                 Katherine.C.Hake.16@DARTMOUTH.EDU
Bill Hallager '74              wshallager@GMAIL.COM
Alexandre Hamel '21            alex.m.hamel@GMAIL.COM
Lily Hanig '19                 Lily.R.Hanig.19@DARTMOUTH.EDU
Joe Hanlon '05                 josephdhanlon@GMAIL.COM
Carsten Hansen '12             carsten.hansen12@GMAIL.COM
Viva Hardigg '84               vhardigg@GMAIL.COM
Miles Harris '23               miles.harris.23@DARTMOUTH.EDU
Tommy Hart '19                 Thomas.E.Hart.19@DARTMOUTH.EDU
Dave Hastings '00              waxwingfarm@YAHOO.CA
Evelyn Hatem '24               Evelyn.M.Hatem.24@DARTMOUTH.EDU
Evelyn Hatem '24               evelyn.m.hatem.24@DARTMOUTH.EDU
Kristina Heggedal '17          heggedalk@GMAIL.COM
Renata Hegyi '16               O.Renata.Hegyi.16@DARTMOUTH.EDU
Lauren Hendrickson '04         lnhendrickson@GMAIL.COM
Danferd Henke '76              DHenke@HENKEBARTRAM.COM
Kyle Heppenstall '13           kyle.heppenstall@GMAIL.COM
Will Hickman '16               William.W.Hickman.16@DARTMOUTH.EDU
Ava Hill '22                   ava.b.hill.22@DARTMOUTH.EDU
Douglas Hill '66               dporterhill@GMAIL.COM
Steve Hladky '66               sbh1@CAM.AC.UK
Jae Hong '20                   Jae.S.Hong.20@DARTMOUTH.EDU
Dave Hooke '84                 dhooke1588@GMAIL.COM
Kathy Hooke '85                kathyhooke20@GMAIL.COM
Katie Hoover '22               Katherine.a.hoover.22@DARTMOUTH.EDU
Julia Hudnut-Beumler '13       juliamhb@GMAIL.COM
Ben Hughey '12                 nebughey@GMAIL.COM
Susan Hunter '07 (Allie)       runwild711@YAHOO.COM
Ruth Hupart '08                ruth.hupart@GMAIL.COM
Josh Hurd '08                  jlhurd@GMAIL.COM
Bob Hurd '65                   rhhper@GMAIL.COM
Geoff Hyatt '88                geoffrey.hyatt@ALUM.DARTMOUTH.ORG
Jeremy J. Brouillet '13        Jeremy.J.Brouillet.13@ALUM.DARTMOUTH.ORG
Daniel Jackson '17             jacksondanielm@GMAIL.COM
Katie Jacobs '13               jacobs.katie.c@GMAIL.COM
Marty Jacobs '82               marty.jacobs.sis@GMAIL.COM
Margaret Jeffery '85           mjeffery1@GWI.NET
Will Jelsma '19                williamjelsma@GMAIL.COM
Jennifer Jenkins '91           jen.jenkins.91@ALUM.DARTMOUTH.ORG
Earl Jette '55a                earl.jette@COMCAST.NET
Dev Jhaveri '19                Dev.Jhaveri.19@DARTMOUTH.EDU
Caitlin Johnson '10            caitlin.johnson10@GMAIL.COM
Abigail Johnson '23            Abigail.L.Johnson.23@DARTMOUTH.EDU
Merrick Johnston '05           Merrickjohnston83@GMAIL.COM
Liam Jolley '20                liamoj10@GMAIL.COM
Ruth Jones '06                 Ruth.E.Jones.06@ALUM.DARTMOUTH.ORG
Mary Joy '21                   maryjoy2017@GMAIL.COM
Lisa Kaeser '78                L_Kaeser@YAHOO.COM
Vipul Kakkad '13               vipul.r.kakkad@GMAIL.COM
Ken Kaliski '85                Kenneth.Kaliski.85@ALUM.DARTMOUTH.ORG
Shinri Kamei '16               shinri.kamei@GMAIL.COM
Laura Kamfonik '08             laura.k.kamfonik.08@ALUM.DARTMOUTH.ORG
Gen Kanai '95                  gkanai@GMAIL.COM
Jed Kaplan '94                 Jed.O.Kaplan.94@ALUM.DARTMOUTH.ORG
Harvey Katz '70                harveyknv@GMAIL.COM
Zach Keane '03                 zkkeane@GMAIL.COM
Katrina Keating '20            kmkeating8@GMAIL.COM
Chris Keating '86              chris.keating@ME.COM
Elizabeth Keeley ''xx          Elizabeth.U.Keeley@DARTMOUTH.EDU
Julia Kelson '12               julia.kelson@GMAIL.COM
Suzanne Kelson '12             Suzanne.J.Kelson@DARTMOUTH.EDU
Matt Kemp '04                  Matt.Kemp@ALUM.DARTMOUTH.ORG
Eleanor Kemp '04               ele.alexander@GMAIL.COM
George Kendrick '77            georgeckendrick@GMAIL.COM
Rachel Kent '21                Rachel.S.Kent.21@DARTMOUTH.EDU
Don Kephart '11                donald.t.kephart@GMAIL.COM
Alexandra Kern '02             alexandra.m.kern.02@ALUM.DARTMOUTH.ORG
Ed Kern '67                    edwardkern@GMAIL.COM
Sam Kernan '14                 bakern4@GMAIL.COM
Caroline Kerner '98            Caroline.Kerner@GMAIL.COM
Benji Kessler '13              Benjamin.J.Kessler.13@ALUM.DARTMOUTH.ORG
Osman Khan '21                 Osman.R.Khan.21@DARTMOUTH.EDU
Maya Khanna '22                Maya.L.Khanna.22@DARTMOUTH.EDU
Heather Killebrew '89          hkbrew@MAC.COM
Rebecca Kimball '85            rkimball@UNM.EDU
Hawkeye King '00               hawkeye.king@GMAIL.COM
Jonathan King '15              Jonathan.M.King.15@DARTMOUTH.EDU
Jeff Kirchhoff '76             jksail@HOTMAIL.COM
Georgi Klissurski '14          gklissurski@GMAIL.COM
Gerald Knezek '74              gknezek@GMAIL.COM
Bing Knight '04                bing.knight@GMAIL.COM
Anna Knowles '16               anna.j.knowles.16@DARTMOUTH.EDU
Mia Kobs '19                   Mia.T.Kobs.19@DARTMOUTH.EDU
Sasha Kokoshinskiy '22         alexander.m.kokoshinskiy.22@DARTMOUTH.EDU
Jonah Kolb '06                 jonah.kolb@GMAIL.COM
Sarah Kolk '20                 sarahkolk1997@GMAIL.COM
Nancy Kopans '85               nkopans@GMAIL.COM
Ashley Korenblat '83           ashley@WESTERNSPIRIT.COM
Kurt Kostyu '12                Kurt.Kostyu@DARTMOUTH.EDU
David Kotz '86                 dfkotz@MAC.COM
Jack Kreisler '22              jack.e.kreisler.22@DARTMOUTH.EDU
Flora Krivak-Tetley '02        Flora.E.Krivak-Tetley@ALUM.DARTMOUTH.ORG
Maddy Kroot '19                Madeline.J.Kroot.19@DARTMOUTH.EDU
David Kruschwitz '74           david.kruschwitz@GMAIL.COM
Jan Kublick ‘74                jan.kublick@GMAIL.COM
Paul Kuhn '78                  kuhnpw@CS.COM
F.Jon Kull '88                 F.Jon.Kull@DARTMOUTH.EDU
Christian Kull '91             christian.a.kull.91@ALUM.DARTMOUTH.ORG
Scott Lacy '13                 scott.c.a.lacy@GMAIL.COM
Elijah Laird '21               Elijah.W.Laird.21@DARTMOUTH.EDU
Lenny Laird '23                helen.s.laird.23@DARTMOUTH.EDU
Norah Lake '06                 norahlake@GMAIL.COM
Albert Lamarre '71             albertlamarre1971@GMAIL.COM
Robert Lamarre '71             Lamarregeo@MSN.COM
Chelsea Lane-Miller '04        Chelsea.Lane-Miller.04@ALUM.DARTMOUTH.ORG
Lindsey Larson '07             lindsey.k.larson@GMAIL.COM
Rick Lathrop '81               lathrop@CRSSA.RUTGERS.EDU
Kenneth Lay '73                boxelderpark@MAC.COM
Wendy Lee '98                  wendily98@GMAIL.COM
Betsy Leggat '82               bleggat@MAC.COM
Abby Leibowitz '15             abigail.leibowitz@GMAIL.COM
Brad Leneis '03                Brad.E.Leneis.03@ALUM.DARTMOUTH.ORG
Rick Leonardi '79              rick.leonart@COMCAST.NET
Emily Lesher '02               emily.lesher@GMAIL.COM
Lauren Lesser '10              Laurenlesser@GMAIL.COM
Maddie Lesser '13              madelineslesser@GMAIL.COM
Joe Levine '00                 joseph.s.levine.00@ALUM.DARTMOUTH.ORG
John-Paul Lewicke '07          jplewicke@GMAIL.COM
Roy Lewicki '64                lewicki.1@OSU.EDU
Chelsea Liddell '11            chelsea.a.liddell@GMAIL.COM
Erica Lilles '02               erica.b.lilles@GMAIL.COM
Daniel Lin '23                 Daniel.Lin.23@DARTMOUTH.EDU
J.D. Lindeberg '82             jdl@RECYCLE.COM
Ginger Link '24                ginger.n.link.24@DARTMOUTH.EDU
Heather Lisle '07              Heather.Lisle.07@ALUM.DARTMOUTH.ORG
Chelsea Little '09             chelsea.jean.little@GMAIL.COM
Alex Lochoff '17               alexlochoff@GMAIL.COM
Moosilauke Lodge 'xx           moosilauke.ravine.lodge@DARTMOUTH.EDU
Portia Lombardo '08            portia.lombardo@GMAIL.COM
Tom Loucks '71                 thomasloucks@COMCAST.NET
Jake Lowenstern '85            jlowenstern@SBCGLOBAL.NET
Ed Lowney '85                  edmund.lowney@GMAIL.COM
Kathy Lowney '87               kglowney@GMAIL.COM
Rongfei Lu '18                 Rongfei.Lu.18@DARTMOUTH.EDU
Dougald MacDonald '82          dougald5@COMCAST.NET
Whitney MacFadyen '07          whitneyflynn@GMAIL.COM
Jenny Mackenzie '96            jennylandvt@GMAIL.COM
Kendall Madden '15             kendall.f.madden@GMAIL.COM
Sean Madden '20                Sean.M.Madden.20@DARTMOUTH.EDU
Matthew Magann '21             Matthew.L.Magann.21@DARTMOUTH.EDU
Paul Magyar '09                paul.m.magyar@GMAIL.COM
John Magyar '98                John.Magyar.98@ALUM.DARTMOUTH.ORG
Sean Mann '05                  sean.t.mann@GMAIL.COM
Luke Mann-O'Halloran '09       luke.ohalloran@GMAIL.COM
Robert Marchman '14            bo.marchman@GMAIL.COM
Rachel Margolese ‘16           rachel@MARGOLESE.COM
Rachel Martin '19              Rachel.H.Martin.19@DARTMOUTH.EDU
Meredith Martin '96            meredithmartindavis@GMAIL.COM
Zachary Martinez '13           zachary.scott.martinez@GMAIL.COM
Philip Marvin '03              Philip.Marvin@ALUM.DARTMOUTH.ORG
Rachel Matsumoto '19           rachelm97@COX.NET
Annie Mauhs-Pugh '14           Annie.Laurie.Mauhs-Pugh.GR@DARTMOUTH.EDU
Emma Mazzuchi '19              Emma.C.Mazzuchi.19@DARTMOUTH.EDU
George McArdle '06             ghmcardle@GMAIL.COM
Molly McBride '14              Molly.C.McBride.14@DARTMOUTH.EDU
Katie McCabe '21               katiemccabe2021@GMAIL.COM
John McCall-Taylor '03         mccalljohnw@GMAIL.COM
Martin McCarter '87            Martin.McCarter.87@ALUM.DARTMOUTH.ORG
Andrew McCauley '09            admccauley@GMAIL.COM
Max McClorey '11               max.mcclorey@GMAIL.COM
Mike McConnell '66             Michael.J.McConnell.66@ALUM.DARTMOUTH.ORG
Drew McConville '03            Andrew.J.McConville.03@ALUM.DARTMOUTH.ORG
Sally McCoy '82                sally@SALLYMCCOY.COM
Sarah McCoy '99                sarahkmccoy@GMAIL.COM
Ellen McDevitt '11             Ellen.R.McDevitt@GMAIL.COM
Jennifer McDonald '11          jenniferannemcdonald@GMAIL.COM
Scott McGee '89                scottmcgee@WYOM.NET
Peter McIlroy '88              pmcilroy@GMAIL.COM
Steve McKeever '75             mckeever.steve@GMAIL.COM
Jade McLaughlin '17            Jade.A.McLaughlin.17@DARTMOUTH.EDU
Ed McNierney '80               ed@MCNIERNEY.COM
Erika McPhee '92               eemcphee@OCEAN.WASHINGTON.EDU
Adam McQuilkin '22             Adam.J.McQuilkin.22@DARTMOUTH.EDU
Carolyn McShea '18             Carolyn.J.McShea.18@DARTMOUTH.EDU
Walter Medlin '86              WaltMed@ALUM.DARTMOUTH.ORG
Lelia Mellen '86               Lelia.R.Mellen.86@ALUM.DARTMOUTH.ORG
Lauren Mendelsohn '19          Lauren.N.Mendelsohn.19@DARTMOUTH.EDU
Jamie Mercado '15              jamiehmercado@GMAIL.COM
Dave Metsky '85                metsky@YAHOO.COM
Spencer Meyer '01              spencer.meyer@GMAIL.COM
Joanna Meyer '02               joannaliskermeyer@GMAIL.COM
Nancy Milholland '81           Nancy.Milholland.81@ALUM.DARTMOUTH.ORG
Anastasia Miliano '10          anastasiamiliano@GMAIL.COM
Kevin Miller '10               kjmd10@GMAIL.COM
Anna Miller '16                Anna.C.Miller.16@DARTMOUTH.EDU
Grace Miller '17               grace.a.miller.17@DARTMOUTH.EDU
Emma Miller '19                Emma.C.Miller.19@DARTMOUTH.EDU
Andrew Milligan '14            andrew.i.milligan@GMAIL.COM
Bryton Moeller '21             Bryton.L.Moeller.21@DARTMOUTH.EDU
Dan Monahan '87                DanGMonahan@GMAIL.COM
Alexios Monopolis '03          greekislander@GMAIL.COM
Cliff Montagne '69             montagne@MONTANA.EDU
Peter Morse '87                peterjmorse@ICLOUD.COM
Bishop Mumford '81             bish.mumford@GMAIL.COM
Chris Mumford ‘77              c.mumford@PROTONMAIL.COM
Mackenzie Murphy '15           Mackenzie.B.Murphy.15@DARTMOUTH.EDU
Fionnuala Murphy '21           Fionnuala.M.Murphy.21@DARTMOUTH.EDU
Sean Murphy '88                Sean.Murphy.88@ALUM.DARTMOUTH.ORG
Valen Nealburk '25             valen.h.nealburk.25@DARTMOUTH.EDU
Mia Nelson '22                 Mia.M.Nelson.22@DARTMOUTH.EDU
Dan Nelson '75                 danielmnelson@OUTLOOK.COM
David Newman '91               dartmouth91@YAHOO.COM
Courtenay Newton '83           courtenayn@COMCAST.NET
Elliot Ng '21                  yong.sheng.ng.21@DARTMOUTH.EDU
Margaret Nichols '20           margaret.w.nichols@DARTMOUTH.EDU
Jennifer Nichols '87           aj3crawford@GMAIL.COM
Martha Nielsen '87             Martha.Nielsen.87@ALUM.DARTMOUTH.ORG
Sam Nijensohn '98              crosscutforest@GMAIL.COM
Willow Nilsen 'XX              Willow.Nilsen@DARTMOUTH.EDU
Dave Norman MALS '07           dave40sw@HOTMAIL.COM
Catherine North '85            seaburke@FASTMAIL.FM
Michael Novello '99            Michael.A.Novello.99@ALUM.DARTMOUTH.ORG
Keith Noyes '86                keith@SEYONASIA.COM
Josh Ocampo '22                joshua.c.ocampo.22@DARTMOUTH.EDU
Kathleen Onufer '08            Kathleen.Onufer@GMAIL.COM
Pieter Ott '98                 pieter.a.ott@GMAIL.COM
William Paganelli '78 (Bill)   william.paganelli@GMAIL.COM
Tim Paine '99                  C.E.Timothy.Paine.99@ALUM.DARTMOUTH.ORG
Andrew Palmer '10              andrew.palmer.10@GMAIL.COM
Walter Palmer '90              palmerwalter@MAC.COM
Megan Paradise '08             Megan.A.Paradise.08@ALUM.DARTMOUTH.ORG
Cola Parker '84                cparker@GROTON.ORG
Sarah Parkinson '09            sarah.joan.parkinson@GMAIL.COM
Greg Partridge '16             Gregory.F.Partridge.16@DARTMOUTH.EDU
Madylin Partridge '21          Madylin.D.Partridge.21@DARTMOUTH.EDU
Kay Partridge '23              kay.e.partridge.23@DARTMOUTH.EDU
Meagan Patrick '10             meaganmpatrick@GMAIL.COM
Catey Pease '09                catey.pease@GMAIL.COM
Haley Peckett '05              Haley.R.Peckett.05@ALUM.DARTMOUTH.ORG
Kaila Pedersen '14             kaila.pedersen@GMAIL.COM
John Person ‘69                nebushwacker@YAHOO.COM
Kevin Peterson '82             chubber82@YAHOO.COM
Leeza Petrov '22               leeza.m.petrov.22@DARTMOUTH.EDU
Lucía Pierson '18              lucia.pierson@GMAIL.COM
Nathan Poage '87               Nathan.Poage@ALUM.DARTMOUTH.ORG
Chris Polashenski '07          Chris.Polashenski@GMAIL.COM
David Polashenski '17          David.J.Polashenski.17@DARTMOUTH.EDU
Jean Polfus '06                jeanpolfus@GMAIL.COM
Daniel Pomerantz '18           dpom96@GMAIL.COM
Caroline Pott '02              Caroline.M.Pott.02@ALUM.DARTMOUTH.ORG
Jocelyn Powelson '14           jocpowelson@GMAIL.COM
Andrea Price ‘16               andrea.n.price.16@DARTMOUTH.EDU
Russell Primeau '13            Russell.B.Primeau.13@ALUM.DARTMOUTH.ORG
Ben Prudhomme '17              benjamin.s.prudhomme@GMAIL.COM
Colin Quinn '15                Colin.A.Quinn.15@DARTMOUTH.EDU
Beth Rabbitt '04               Carolyn.E.Rabbitt.04@ALUM.DARTMOUTH.ORG
Matt Radosevich '20            matt.j.radosevich@GMAIL.COM
Sundar Rajan '91               Sundar.Rajan@ALUM.DARTMOUTH.ORG
Chris Randall '12              Christopher.M.Randall@DARTMOUTH.EDU
Farrar Ransom '23              farrar.r.ransom.23@DARTMOUTH.EDU
Anne Raymond '06               Anne.G.Raymond.06@ALUM.DARTMOUTH.ORG
Will Raynolds '04              will.raynolds@GMAIL.COM
Scott Rebhun '83               Scott.Rebhun@DARTMOUTH.EDU
Sam Reckford '13               samantha.reckford@GMAIL.COM
Caroline Resor '17             Caroline.J.Resor.17@DARTMOUTH.EDU
Laura Reynolds '11             lcreynolds15@GMAIL.COM
Abigail Reynolds '17           Abigail.R.Reynolds.17@DARTMOUTH.EDU
Emery Rheam '22                Emery.L.Rheam.22@DARTMOUTH.EDU
Christopher Rhoades '13        cbrhoades@GMAIL.COM
David Rice '14                 davidrice1992@GMAIL.COM
Jesse Rieb '13                 jesse.t.rieb@GMAIL.COM
Emma Rieb '18                  emma.c.rieb@GMAIL.COM
Chachi Riesco '17              ariesco16@GMAIL.COM
Larry Riggs '70                larwalkabout@GMAIL.COM
Kathy Rittle '91               kathy.rittle@TRIHYDRO.COM
Fred Roberts '64               froberts@DIMAX.RUTGERS.EDU
Eliza Rockefeller '17          elizarockefeller@GMAIL.COM
Dalia Rodriguez                dalia.rodriguez.caspeta@DARTMOUTH.EDU
Barbara Rollins '84            barbaroll@AOL.COM
Al Rollins ‘57                 57pilot@METROCAST.NET
JuanMiche Rosales '20          Juan.miche.rosales@GMAIL.COM
Eric Ross '11                  eric.l.ross.11@ALUM.DARTMOUTH.ORG
Steph Ross '12                 stephcrockerross@GMAIL.COM
John Rossi '20                 John.M.Rossi.20@DARTMOUTH.EDU
Sarah Rote '18                 sarah.l.rote.18@DARTMOUTH.EDU
Thomas Rover '16               trover195@GMAIL.COM
Kate Royce '19                 Katherine.P.Royce.19@DARTMOUTH.EDU
Rachel Rubin '20               rachel.r.rubin.20@DARTMOUTH.EDU
Steve Ruhle '72                steveruhle@GMAIL.COM
Molly Ryan '17                 Molly.M.Ryan.17@DARTMOUTH.EDU
Chris Saccardi '97             Christopher.T.Saccardi.97@ALUM.DARTMOUTH.ORG
Ben Saccone '20                Benjamin.A.Saccone.20@DARTMOUTH.EDU
Eric Sailer '60                ericsailer@ICLOUD.COM
Craig Sakowitz '93             craig.sakowitz@GMAIL.COM
Nick Samel '20                 Nick.S.Samel.20@DARTMOUTH.EDU
Juan Sanchez '13               j.o.sanchez47@GMAIL.COM
Johnny Sanchez '18             Johnny.J.Sanchez.18@DARTMOUTH.EDU
Frank Sapienza '21             Francis.J.Sapienza.TH@DARTMOUTH.EDU
Shannon Sartain '21            Shannon.L.Sartain.21@DARTMOUTH.EDU
Andrew Sasser '23              Andrew.J.Sasser.23@DARTMOUTH.EDU
Jennifer Savoca '04            jennifersavoca@GMAIL.COM
David Schaible '17             David.Loring.P.Schaible.17@DARTMOUTH.EDU
Ben Schelling '21              bms86@DUKE.EDU
Gerben Scherpbier '14          gerben.scherpbier@GMAIL.COM
Sarah Schewe '12               sarah.schewe@GMAIL.COM
Katherine Schiavoni '09        Katherine.H.Schiavoni.09@ALUM.DARTMOUTH.ORG
Mark Schiffman '90             mark@NOMADCOM.COM
Peter Schmid '23               peter.w.schmid.23@DARTMOUTH.EDU
Adam Schneider '15             Adam.N.Schneider.15@DARTMOUTH.EDU
Brian Seitz '12                bseitz234@GMAIL.COM
Pete Seman '97                 peter.m.seman@GMAIL.COM
David Sewall '14               davidclemenssewall@GMAIL.COM
Rosemary Shay '13              rosemary.l.shay@GMAIL.COM
Abigail Shepherd '23           abigail.a.shepherd.23@DARTMOUTH.EDU
Chuck Sherman '66 (Moose)      chucksherman@MAC.COM
Nicholas Sherman '98           ndsherman@GMAIL.COM
Julia Siegel '22               julia.r.siegel.22@DARTMOUTH.EDU
Kate Singer '24                Kate.I.Singer.24@DARTMOUTH.EDU
Savannah Slater '23            savannah.a.slater.23@DARTMOUTH.EDU
Marietta Smith '12             Marietta.E.Smith@DARTMOUTH.EDU
Sophie Smith '20               Sophie.E.Smith.20@DARTMOUTH.EDU
Laurel Smith '80               smithdonohoe@GMAIL.COM
Emma Smithayer '12             Emma.N.Smithayer@DARTMOUTH.EDU
Erika Sogge '08                ErikaSogge@GMAIL.COM
Victoria Solbert '07           vicsolbert@GMAIL.COM
Gretchen Sporleder '85         gretchen.sporleder.orr@GMAIL.COM
Piper Stacey '23               Piper.F.Stacey.23@DARTMOUTH.EDU
Dominic Stanculescu '01        Dominic.Stanculescu.01@ALUM.DARTMOUTH.ORG
Rebecca Stebbins '11           Rebecca.C.Stebbins@GMAIL.COM
Emily Stehr '21                emily.j.stehr.21@DARTMOUTH.EDU
Alex Stein '06                 alexandra.r.stein@DARTMOUTH.EDU
Kevin Stone '90                kdstone@NYCAP.RR.COM
Elizabeth Storn '99            liz.storn@GMAIL.COM
Skip Stritter '68              skip@STRITTER.COM
Sebastian Strong '19           Sebastian.Strong.TH@DARTMOUTH.EDU
Carrie Stroup '08              caroline.b.stroup@GMAIL.COM
Helen Sullivan '05             helen.margaret.sullivan@GMAIL.COM
Sandra Swain-Bromwell '58a     sandra.swain-bromwell@DARTMOUTH.EDU
Kelly Swartz '05               kelly.swartz.05@ALUM.DARTMOUTH.ORG
Alex Tait '86                  Alexander.Tait.86@ALUM.DARTMOUTH.ORG
Doug Tallmadge '18             Douglas.H.Tallmadge.II.18@DARTMOUTH.EDU
Melinda Tascarella '14         melindatascarella@GMAIL.COM
Jim Taylor '74 (Pork Roll)     james.taylor.nh@GMAIL.COM
Amy Tchao '86                  ATchao@DWMLAW.COM
Steve Tebbe '14                steve@TEBBE.COM
Max Teszler '23                Maxwell.J.Teszler.23@DARTMOUTH.EDU
Piotr Teterwak '14             skier1991@GMAIL.COM
Woody Thompson '68             iceagevt@GMAIL.COM
Steve Thompson '78             stephen.thompson@COMCAST.NET
Nicholas Thyr '17              nickthyr@GMAIL.COM
Caroline Tippin '84            seasalt@HVC.RR.COM
Michael Todd '93               W.Michael.Todd.93@DARTMOUTH.EDU
Richard Trierweiler '05        runningfar@AOL.COM
Jamie Trowbridge '82           jamietrowbridge1@GMAIL.COM
Melody Tsutsumi Cruz '25       melody.e.tsutsumi.cruz.25@DARTMOUTH.EDU
Grace Turner '23               grace.i.turner.23@DARTMOUTH.EDU
Andy Tuthill '78               tuthill.engineering@GMAIL.COM
Carly Tymm '20                 Carly.C.Tymm.20@DARTMOUTH.EDU
Sarah Uhl '07                  sarah.uhl@GMAIL.COM
Jon Underwood '86              happytrailsak@GMAIL.COM
Christy Utter '98              Christine.L.Utter.98@ALUM.DARTMOUTH.ORG
Neil Van Dyke '76              Neiljvandyke@GMAIL.COM
Carol Van Dyke '78             cavandyke46@GMAIL.COM
Alex vanNievelt '84            afhvn@MAC.COM
Natalie Vaughan '20            Natalie.A.Vaughan.20@DARTMOUTH.EDU
Rebecca Vogel '11              beccavogel@GMAIL.COM
Randall von Wedel '74          Rvwedel@GMAIL.COM
David Vonderheide '21          David.S.Vonderheide.21@DARTMOUTH.EDU
Jeffrey Wagner '06             Jeffrey.C.Wagner.06@ALUM.DARTMOUTH.ORG
Phil Wagner '09                philip.g.wagner@GMAIL.COM
Ken Wagner '77                 kjwagner@CHARTER.NET
Jack Walker '22                jackson.t.walker@DARTMOUTH.EDU
David Wallinga '83             dwallinga@NRDC.ORG
Iris Wang '20                  Iris.L.Wang.20@DARTMOUTH.EDU
Michelle Wang '21              Michelle.S.Wang.21@DARTMOUTH.EDU
London Warburton '24           London.C.Warburton.23@DARTMOUTH.EDU
Mike Warren '80                michael.bede.warren@GMAIL.COM
Bernie Waugh '74               berniewaugh@GMAIL.COM
Ann Waugh Page '76             annwpage@GMAIL.COM
Kathryn Waychoff '16           Kathryn.M.Waychoff.16@DARTMOUTH.EDU
Jay Weed '80                   jayweed@ME.COM
Shane Weisberg '16             Shane.C.G.Weisberg.16@DARTMOUTH.EDU
David Weissberger '00          David.S.Weissberger.00@ALUM.DARTMOUTH.ORG
Andy Welch '78                 Andrew.G.Welch@DARTMOUTH.EDU
Alex Wells '22                 alexander.d.wells.22@DARTMOUTH.EDU
Andy Wells '89                 andrew.b.wells.89@ALUM.DARTMOUTH.ORG
Matthew West '17               Matthew.A.West.17@DARTMOUTH.EDU
Justin White '03               Justin.White.03@ALUM.DARTMOUTH.ORG
Dana Wieland '17               danalwieland@GMAIL.COM
Craig Wilcox '21               Craig.R.Wilcox.21@DARTMOUTH.EDU
Oliver Will '96                Oliver.Will@ALUM.DARTMOUTH.ORG
Stephen Williams '68 (Monk)    scwmanmt@GMAIL.COM
Bob Williams '77               robert.m.williams.77@ALUM.DARTMOUTH.ORG
Brendan Willis '07             Brendan.Willis.07@ALUM.DARTMOUTH.ORG
Paige Wilson '14               paige.k.wilson.14@GMAIL.COM
Abby Wilson '22                abbydwilson@YAHOO.COM
Stephen Wilson '55             stephenwilson282@GMAIL.COM
Mark Winkler '79               Mark.Winkler.79@GMAIL.COM
Dom Winski '09                 dominic.winski@GMAIL.COM
Alec Winters '81               washvalley@GMAIL.COM
Abigail Wiseman '22            Abigail.L.Wiseman.22@DARTMOUTH.EDU
David Wolff '79                david.e.wolff.79@ALUM.DARTMOUTH.ORG
Tom Woodruff '67               tcwoodruff@COMCAST.NET
Jeffrey Woodward '06           jeffrey.b.woodward@GMAIL.COM
Pam Woodworth '73              srevmkam@AOL.COM
Chuck Wooster '89              chuck@SUNRISEFARMVT.COM
Tyler Work '20                 Tyler.L.Work.20@DARTMOUTH.EDU
Maury Wray '92                 amaurywray@GMAIL.COM
Robert Wright '18              Robert.J.Wright.III.18@DARTMOUTH.EDU
Diana Wright '83               DWright61@GMAIL.COM
Kathleen Wright '90            kathleen.b.wright.90@DARTMOUTH.EDU
Carly Wynn '15                 carly3ski@GMAIL.COM
Lily Xu '18                    lilyleexu@GMAIL.COM
Karl Yando '08                 karl.b.yando.08@ALUM.DARTMOUTH.ORG
Laura Yasaitis '05             Laura.C.Yasaitis.05@ALUM.DARTMOUTH.ORG
Kim York ’77                   kim.york@GMAIL.COM
Max Young '06                  Maxwell.C.Young.06@ALUM.DARTMOUTH.ORG
Katherine Yu '16               Katherine.C.Yu.16@DARTMOUTH.EDU
Brandon Zhou '22               brandon.zhou22@GMAIL.COM
Seamore Zhu '19                xiaoran.zhu.TH@DARTMOUTH.EDU
Jenny Ziegler '86              jziegler25@HOTMAIL.COM
Rick Zimmerman '76             rick@RICKZMAN.COM
Billy Zou '12                  billy.zou@GMAIL.COM
